{
  "production": {
    "registrationUrl": "http://registration-pal-INITIALS.apps.FILLMEIN.pal.pivotal.io",
    "allocationsUrl": "http://allocations-pal-INITIALS.apps.FILLMEIN.pal.pivotal.io",
    "backlogUrl": "http://backlog-pal-INITIALS.apps.FILLMEIN.pal.pivotal.io",
    "timesheetsUrl": "http://timesheets-pal-INITIALS.apps.FILLMEIN.pal.pivotal.io"
  },
  "development": {
    "registrationUrl": "http://localhost:8883",
    "allocationsUrl": "http://localhost:8881",
    "backlogUrl": "http://localhost:8882",
    "timesheetsUrl": "http://localhost:8884"
  }
}
