{
  "production": {
    "registrationUrl": "http://registration-pal-prod-govin-cfapps.io",
    "allocationsUrl": "http://allocations-pal-prod-govin-cfapps.io",
    "backlogUrl": "http://backlog-pal-govin-prod-cfapps.io",
    "timesheetsUrl": "http://timesheets-pal-prod-govin-cfapps.io"
  },
  "development": {
    "registrationUrl": "http://localhost:8883",
    "allocationsUrl": "http://localhost:8881",
    "backlogUrl": "http://localhost:8882",
    "timesheetsUrl": "http://localhost:8884"
  }
}
